{
    "AdaGrad": {
        "train_losses": [
            0.5604081008519928,
            0.4371885964215087,
            0.37441820312856,
            0.34299311290709367,
            0.3231892529417301,
            0.306898593274595,
            0.29392019469308783,
            0.28333802909954736,
            0.2719892557425824,
            0.26211793762975016,
            0.2525003152542884,
            0.24354823188019264,
            0.23518358133704276,
            0.22524243241274805,
            0.21756164560749602,
            0.2103324540710868,
            0.19771315715316404,
            0.18758773078288013,
            0.17631313881141836,
            0.16693732648156687,
            0.1546215515894022,
            0.14270390999651214,
            0.13392912473848131,
            0.1216656070529427,
            0.10069133494913836,
            0.08268707310624505,
            0.07402405237314448,
            0.06931217078417358,
            0.06602778740663835,
            0.060905330989542546,
            0.05235293837396531,
            0.047906830410604465,
            0.04539071990805235,
            0.04352439061655598,
            0.04178951136675902,
            0.04095630014345694,
            0.04036940968545011,
            0.03711552987715883,
            0.03697511228169083,
            0.03564044482899126,
            0.03456356675078974,
            0.0337274187294909,
            0.03272916468801295,
            0.032064618308121566,
            0.031549402552688004,
            0.031175271553980234,
            0.03072322370855426,
            0.030388986940585665,
            0.030389041848539525,
            0.029798311149366145
        ],
        "val_losses": [
            0.5319767674655779,
            0.411499153214989,
            0.8189160866094819,
            1.2640305546158594,
            0.3957985055150715,
            0.3365463113531153,
            0.87540410427337,
            0.31979122271774507,
            0.3002628132912284,
            0.4868143881466372,
            0.38065790517110354,
            0.33971955230895506,
            0.2842840947052266,
            0.39498008481154206,
            1.3359401970044942,
            0.282604455208102,
            0.3805201727870508,
            0.2627675820749702,
            0.5592246643194916,
            0.5934979410458964,
            0.29172461337231576,
            0.3253800567794353,
            0.27920413809887906,
            1.1967531780824594,
            0.38493221734009736,
            0.30243054613576714,
            0.3079679473072079,
            0.3798715671960344,
            0.3145589616070402,
            0.3367153545115011,
            0.31434961249853705,
            0.32407665770527316,
            0.32667696671494356,
            0.33495374599881206,
            0.5277862193736624,
            0.4524696097306326,
            0.33601573558775244,
            0.386985312592476,
            0.3654565071911677,
            0.34346399361148794,
            0.3418109704945104,
            0.34721288771916786,
            0.34674703065596574,
            0.3501111515764649,
            0.35273541837719313,
            0.3496350460018672,
            0.3555662861318453,
            0.3513902963158932,
            0.38626934757046666,
            0.3524391469908944
        ],
        "val_ious": [
            0.24740465644209783,
            0.33300053908343735,
            0.24676468687352823,
            0.15066849312042654,
            0.3338075236268739,
            0.38240770428697257,
            0.15240005444150703,
            0.40172729734063223,
            0.43111823490897805,
            0.26145712369970187,
            0.31339912638491507,
            0.3997665414998973,
            0.45966504676307807,
            0.3998587097233409,
            0.1583680373294301,
            0.47722840908531683,
            0.41715227739195737,
            0.5065446999965013,
            0.34796941262478354,
            0.3410682760656031,
            0.4858452326335318,
            0.4735620328279618,
            0.4985716232930058,
            0.18608660508208766,
            0.42957430989888823,
            0.5036292256742767,
            0.5039311996412403,
            0.45933967352075217,
            0.5054246213596953,
            0.4897370337235023,
            0.5186967139083678,
            0.5127693964622532,
            0.5149519929053299,
            0.51321723065961,
            0.35481426875174354,
            0.4712143024556038,
            0.5187368551195725,
            0.49513446535417616,
            0.5013278586266656,
            0.5141835440109577,
            0.5164023375381654,
            0.5083950381227995,
            0.5167557727925208,
            0.517104291226649,
            0.5172030101251339,
            0.5188071503017618,
            0.5127996119957771,
            0.5166282570002116,
            0.5120345138886097,
            0.5170599668818316
        ],
        "val_accuracies": [
            0.8551630783588329,
            0.8874332393314821,
            0.718209242144375,
            0.6305761134370844,
            0.878799280799027,
            0.9058280659060106,
            0.8376635604716361,
            0.911532111201726,
            0.9123464860814683,
            0.8688228329022726,
            0.8894425026068451,
            0.8981984367607333,
            0.9188524433907043,
            0.8986380556796459,
            0.66205565811049,
            0.919100930504765,
            0.9142190606881541,
            0.92318749512341,
            0.8703967113021418,
            0.8422470862138356,
            0.9231244486274449,
            0.922088844133607,
            0.9282110274260771,
            0.7040401891613683,
            0.8984888453855582,
            0.9279603890493406,
            0.9279277840404646,
            0.9128646267221329,
            0.9294562825919889,
            0.921160619309608,
            0.9294618287830488,
            0.9308831958060569,
            0.9297561104416002,
            0.92964361745415,
            0.8769890940781181,
            0.9017698003890666,
            0.9297153890555632,
            0.922974354409157,
            0.9222473705068548,
            0.9270892447613656,
            0.927610974785284,
            0.9286475037852078,
            0.9299773721830219,
            0.9301164234783632,
            0.9299471475553851,
            0.9303064236404203,
            0.9306061386216616,
            0.9302593799347573,
            0.9305858840333655,
            0.9294153172919091
        ]
    }
}