{
    "AdamW": {
        "train_losses": [
            0.5452449675136142,
            0.4034439137644238,
            0.3560998582310147,
            0.3262112109661102,
            0.30407396131091646,
            0.28722875576549106,
            0.27129860381947624,
            0.25734159397416645,
            0.2435910837451617,
            0.2307081153459019,
            0.21716027110152775,
            0.20330367116133372,
            0.1867548895345794,
            0.16971239277389313,
            0.15149191505710283,
            0.1333368142677678,
            0.1156620129942894,
            0.10125348645779822,
            0.08858167027599281,
            0.06349507648746172,
            0.05453419164319833,
            0.050463331666257646,
            0.045396543580624796,
            0.04332603415515688,
            0.039986038017604086,
            0.036138592378960714,
            0.03023863503833612,
            0.028690666205353207,
            0.02811522509654363,
            0.02653801180008385,
            0.02880899655736155,
            0.025468493587440914,
            0.022997199190159637,
            0.02227540692024761,
            0.022006612525218062,
            0.021397560097277165,
            0.02098493898825513,
            0.020233567679921786,
            0.019689481914043426,
            0.019366733625531197,
            0.01917642854816384,
            0.018796851052178275,
            0.01861376216179795,
            0.018329699016279646,
            0.01809195233301984,
            0.01788035005827745,
            0.01773170046342744,
            0.01766421137170659,
            0.01756437942551242,
            0.01743028894232379
        ],
        "val_losses": [
            0.480460487781687,
            0.3855176462349317,
            0.3422608108173871,
            0.31704490203806696,
            0.3134078139848743,
            0.3128394348190186,
            0.28033167129078657,
            0.2677593616412041,
            0.25931257617177694,
            0.2585482268680072,
            0.2459402676169754,
            0.265623984184671,
            0.2411153015832529,
            0.25464094012764327,
            0.2693060520534397,
            0.27886315868467304,
            0.2837137448872235,
            0.294978326358271,
            0.30156659086545307,
            0.30767800201866646,
            0.3331108661566643,
            0.3426496344783627,
            0.3597535006701946,
            0.3689106765421147,
            0.41959491617819095,
            0.383152740961271,
            0.39493027871065106,
            0.41394772417579134,
            0.42905195876427576,
            0.44875469761537323,
            0.4536310274761619,
            0.4187061960498492,
            0.43576067474716945,
            0.44335143474188254,
            0.46167219789526986,
            0.47162565456848615,
            0.49038441674717775,
            0.4924395461137413,
            0.4982533777753512,
            0.4988748678501616,
            0.5174389831880306,
            0.5174669313198286,
            0.5400263616907681,
            0.5350496577138596,
            0.5433536063060693,
            0.5290675733951812,
            0.5329911615831632,
            0.5446616970795266,
            0.5498511311432994,
            0.5464338831445004
        ],
        "val_ious": [
            0.27983859729008864,
            0.33002913447510396,
            0.38239852386901924,
            0.4023265674918249,
            0.4150245740151271,
            0.4242754535429285,
            0.44128966271653614,
            0.46184981506042044,
            0.4814135893323878,
            0.4793615922896878,
            0.5007937687656463,
            0.47673879883189446,
            0.5129975398991286,
            0.5130998006128847,
            0.5258115741111671,
            0.524118601693419,
            0.5266539292809351,
            0.5067064205516072,
            0.5293226196116468,
            0.5430269222506167,
            0.5412762798121239,
            0.5436193985362874,
            0.5411774712516256,
            0.5442976015531863,
            0.5376584240196582,
            0.5466011800664535,
            0.5514267319251932,
            0.5484928222421876,
            0.5486878487706706,
            0.5458170269693282,
            0.5497467254414269,
            0.5515193983471576,
            0.5497531898978995,
            0.5513636861451792,
            0.5481497336610212,
            0.5488436709252519,
            0.5457888692963841,
            0.5485278863405335,
            0.5460785628774204,
            0.5483560531018146,
            0.5469091040691596,
            0.5475769176527121,
            0.5461535474770065,
            0.546805877283544,
            0.5449329033179151,
            0.5485261879039086,
            0.5473852296844627,
            0.5449136619648557,
            0.5457801481578985,
            0.5455240791538789
        ],
        "val_accuracies": [
            0.8663381798893002,
            0.8908022346226037,
            0.9043056947965149,
            0.9101922237281258,
            0.9105901515230219,
            0.9095769435801404,
            0.919687622827841,
            0.9232927598851792,
            0.9248953432056075,
            0.9275122073525233,
            0.927920438719134,
            0.9232677479162283,
            0.9304988899974959,
            0.9280876990751172,
            0.9326964439229762,
            0.9290720397698964,
            0.928283655474372,
            0.9265422821044922,
            0.927679643563345,
            0.9334012523610541,
            0.9332448945823291,
            0.9338668031049958,
            0.9358753718382923,
            0.9336664321574759,
            0.9351367908166656,
            0.9359592681235456,
            0.9363972189578604,
            0.9353761021972548,
            0.936443622230638,
            0.9355268727803061,
            0.9357095271983045,
            0.9366770310604826,
            0.93625382497801,
            0.9363277968785442,
            0.9366895256313026,
            0.9358569704894478,
            0.9361130734707447,
            0.9363866947221418,
            0.9364122659602063,
            0.9363061849107134,
            0.9361170686728565,
            0.9363977418723681,
            0.9362013754269756,
            0.9363729104082635,
            0.9360687085922729,
            0.9362451586317508,
            0.9360754227807336,
            0.9361234040970497,
            0.9360420915251928,
            0.936350130443032
        ]
    }
}