{
    "Adam": {
        "train_losses": [
            0.580845596604877,
            0.47388493988249036,
            0.4165121110677719,
            0.3626791334218449,
            0.33525525425540076,
            0.31895109370019703,
            0.30635444725222055,
            0.2979853265020582,
            0.28886836404270594,
            0.2817296119530996,
            0.27657104900810453,
            0.27129148970709904,
            0.26652366915014053,
            0.26268176227145723,
            0.2583229037721952,
            0.25528861153788035,
            0.25097717244757545,
            0.24946707598368326,
            0.24619498348898358,
            0.24337796444363063,
            0.2417102995912234,
            0.23844482146369086,
            0.21264112041725053,
            0.20570359651909934,
            0.2017406611641248,
            0.19571566071775223,
            0.1912890260749393,
            0.18935516018999948,
            0.1871249295473099,
            0.1627750186589029,
            0.15692526220613057,
            0.15296000905500517,
            0.1491516807311111,
            0.14609047507246337,
            0.14317209441132014,
            0.12989733470810785,
            0.12773073409663308,
            0.12452021848493153,
            0.12219856006900469,
            0.12013290564219158,
            0.11858225259184837,
            0.11260015127725072,
            0.11030693175726466,
            0.10862886410289341,
            0.1076883240905073,
            0.1073155522942543,
            0.10501146467195617,
            0.1019583394130071,
            0.10039411268797185,
            0.09989222928881646
        ],
        "val_losses": [
            0.5180270834594753,
            0.4547810956095973,
            0.4326201799913501,
            0.3580898677943446,
            0.3435551717560342,
            0.3238255405891026,
            0.32228586384167907,
            0.3097784073217541,
            0.3031849262984932,
            0.30852422572619526,
            0.29487517000512875,
            0.2746950576068662,
            0.27783014889515883,
            0.28610123318771946,
            0.2905474122851453,
            0.2626897253571673,
            0.2962004192543368,
            0.2905953144456478,
            0.2852271814295586,
            0.2670712311428489,
            0.2648863577356575,
            0.269718736938551,
            0.24858689345155202,
            0.2524610954396268,
            0.25380532792273985,
            0.2600369322384503,
            0.2560504431842912,
            0.2594893932448211,
            0.26567780046809647,
            0.2711025246597351,
            0.2743127522791954,
            0.27244747044346856,
            0.2877447375010514,
            0.2714007792214975,
            0.3029591493202862,
            0.29095083612499506,
            0.2890913446321555,
            0.3136142501277281,
            0.2915971614684619,
            0.3017455599409469,
            0.2984240377942721,
            0.30837602976788864,
            0.3068227665961211,
            0.3051237585485404,
            0.3075889082665139,
            0.31035411268049945,
            0.3157451923751662,
            0.3178134436408679,
            0.3127624095543057,
            0.32102482971992896
        ],
        "val_ious": [
            0.23607776238875852,
            0.3002392468097715,
            0.2997882246248969,
            0.376515540137126,
            0.38166450501729116,
            0.4016737821027441,
            0.3978523981435197,
            0.43138029081656293,
            0.4420437183761315,
            0.4312725996814921,
            0.4383104669481496,
            0.45314201996389625,
            0.4544554482460745,
            0.45318614222648573,
            0.43931366041619785,
            0.46311704836113154,
            0.426604728986052,
            0.4649448705258562,
            0.4454897726946625,
            0.4690328744985006,
            0.4517501347028522,
            0.47965872492165096,
            0.48875152510458075,
            0.48886963281082907,
            0.48864568430515243,
            0.48222194240108673,
            0.4992096996732,
            0.4961614277973811,
            0.48743119350194253,
            0.4966662669313784,
            0.49159641118903075,
            0.49838127631656365,
            0.487046365260384,
            0.49922460015072906,
            0.489189246169837,
            0.5017812906868994,
            0.5009008956890274,
            0.49649288351526466,
            0.5019993397345863,
            0.4990126502081748,
            0.4960743303283214,
            0.498770889613757,
            0.49941157519402973,
            0.49958750433065563,
            0.5001541512637004,
            0.5000555455993175,
            0.4989198182452913,
            0.5001397991255583,
            0.4987492390373909,
            0.49928604271908256
        ],
        "val_accuracies": [
            0.8613851066176773,
            0.8784154256184896,
            0.8846530914306641,
            0.9033195143895791,
            0.907883587881183,
            0.9118191426527416,
            0.9120749843881485,
            0.9137291603900016,
            0.9139875587842143,
            0.9147878022904091,
            0.9170188227443831,
            0.9214199464371864,
            0.9208529452060131,
            0.9205081255723399,
            0.9193116544831729,
            0.9244352798935369,
            0.9133849270800327,
            0.9165667451865284,
            0.9188155815110984,
            0.9230971416683061,
            0.9233784870053015,
            0.9222084524783682,
            0.9288840826521528,
            0.9277021758099819,
            0.9273914986468376,
            0.9270137218718834,
            0.9241808944560111,
            0.926462692149142,
            0.9281552860922847,
            0.9287913707976646,
            0.9283495963887965,
            0.9253147975772831,
            0.9274857661402818,
            0.9261293254845532,
            0.9273063265685494,
            0.9269186161088605,
            0.9265254046900052,
            0.9252656165589678,
            0.9244121976778017,
            0.9252256391741706,
            0.9272993553614786,
            0.9256839392878485,
            0.9252824986234625,
            0.9251462698828244,
            0.9240227514970387,
            0.9248350474005895,
            0.9263074258540539,
            0.9240622194946235,
            0.9259532495593348,
            0.9245134676601869
        ]
    }
}