{
    "GD": {
        "train_losses": [
            1.9098774076608347,
            1.9026932878885574,
            1.8954486488487357,
            1.8885226484322248,
            1.8815754738848718,
            1.8745384743756346,
            1.8677026465407578,
            1.8606750768535092,
            1.8539383372435458,
            1.8472544879175248,
            1.8405707517163872,
            1.8338048669131488,
            1.8271393281499098,
            1.8205295492700564,
            1.814072348338988,
            1.807498164387973,
            1.8007907407720958,
            1.7944598304778652,
            1.7881663664288958,
            1.7818630739829437,
            1.7753341487341352,
            1.7691270209891135,
            1.7626709536929213,
            1.756630500749766,
            1.7503642434341073,
            1.7441029321971067,
            1.7380503087185335,
            1.731881067324146,
            1.725922123126269,
            1.7197122651001218,
            1.7137222248150776,
            1.707777651268556,
            1.701854840210968,
            1.6958706169760454,
            1.6898541255375308,
            1.6839459968013546,
            1.6781158674072134,
            1.672317254494258,
            1.666507901557359,
            1.6608321568359592,
            1.6548177953637588,
            1.64925504658679,
            1.6436304008816236,
            1.6378627885081247,
            1.6322305518369526,
            1.6265713852795745,
            1.6208612599124186,
            1.615452038278095,
            1.6098163499061198,
            1.6043237926139988
        ],
        "val_losses": [
            1.920976829021535,
            1.899999072365727,
            1.8840874382790098,
            1.883320322273471,
            1.8777212411799329,
            1.8645988947956273,
            1.8586953988311985,
            1.8521440189780918,
            1.8497742854111583,
            1.8495756057982748,
            1.8347303529157706,
            1.8232451998595651,
            1.824874573565544,
            1.8222698269160926,
            1.801406243168716,
            1.8019938468933105,
            1.7970404523484251,
            1.792297495172379,
            1.7832509143978146,
            1.760818764673057,
            1.7663514005376937,
            1.7583403874796333,
            1.7554112647442108,
            1.7619175640403801,
            1.7493721272083038,
            1.7470617615584787,
            1.7250284429983045,
            1.7256813243771276,
            1.7137466204081866,
            1.7076310029266575,
            1.6977739587743232,
            1.7001317781759493,
            1.6985448852498481,
            1.6851104015999652,
            1.6808876898271818,
            1.6860879397561364,
            1.6670287365609027,
            1.6693578958511353,
            1.6648375260914472,
            1.6498531043952238,
            1.656023066940037,
            1.6470943148254502,
            1.6502622264496825,
            1.6307988969992238,
            1.6213595131610303,
            1.625191586237427,
            1.616615505083233,
            1.6122315961418423,
            1.5890496360494735,
            1.5943492777804111
        ],
        "val_ious": [
            0.033665175347251344,
            0.03454624593077028,
            0.03643494797562623,
            0.03705614910160583,
            0.03719403554440164,
            0.0398359963958126,
            0.03969261931934479,
            0.04168277261597546,
            0.04175182406908603,
            0.04253788271866311,
            0.04392533567062673,
            0.04648725109125382,
            0.0466759686332721,
            0.046965430800558705,
            0.050953787923876274,
            0.05109336641037795,
            0.05237623918010051,
            0.05355533077876488,
            0.05552865728141201,
            0.06082326586281843,
            0.059482408963085785,
            0.06227353986514896,
            0.06314443526186722,
            0.062198223875760704,
            0.06481504574781677,
            0.06656975986913381,
            0.07095312931293116,
            0.0711126950693108,
            0.07401701164668881,
            0.07629884314104185,
            0.07820948315499622,
            0.07901718514857586,
            0.07873643123487757,
            0.08340072507797847,
            0.08493792308683247,
            0.08273332066824454,
            0.08711200557711592,
            0.08708128090142696,
            0.08790290359616208,
            0.09258728861919654,
            0.09071496556476527,
            0.09298900659168213,
            0.09268019583623857,
            0.09844035396642366,
            0.10033368704200392,
            0.09880696042861109,
            0.10117736216141321,
            0.10252468318111208,
            0.10909117529572926,
            0.1063931687836007
        ],
        "val_accuracies": [
            0.09483997534352837,
            0.10099202241246583,
            0.11030837893486023,
            0.112912063057541,
            0.11337160334942188,
            0.12623777911595419,
            0.12598857029955438,
            0.1355295700173006,
            0.13687891317597517,
            0.13815662032323525,
            0.147464653067555,
            0.160546841667899,
            0.1597432797470837,
            0.162144162764786,
            0.18137889889115139,
            0.18315496512338625,
            0.18963269540604125,
            0.19610607433826366,
            0.20467413687114175,
            0.23087673787529586,
            0.22501853509997646,
            0.23836977727024267,
            0.2425841564405049,
            0.2379224159827469,
            0.25126629919870525,
            0.25997667786077405,
            0.28337657662993626,
            0.2839456743805121,
            0.29935327277961354,
            0.3111330173539777,
            0.32140657876400236,
            0.3241411215024637,
            0.32284291585286456,
            0.3471794398963874,
            0.35456396332869294,
            0.34388245039797843,
            0.3676511932772102,
            0.3673131326411633,
            0.3721590967888528,
            0.39588241501057403,
            0.3853320489961205,
            0.39877117779238,
            0.3957453429276216,
            0.42577820635856467,
            0.43685012633073417,
            0.4292457978776161,
            0.44209691311450716,
            0.449065034905224,
            0.48445385060411816,
            0.4710230455330923
        ]
    }
}