{
    "MiniBatch_GD": {
        "train_losses": [
            0.8834157179211345,
            0.6142996372011922,
            0.5976918129625091,
            0.5868026189771998,
            0.5759018090785869,
            0.5660618194533736,
            0.556274111015333,
            0.5477719538524394,
            0.5375193989636118,
            0.5273524184725672,
            0.5165749167515812,
            0.5043915055437851,
            0.4931201896902903,
            0.48183246011080766,
            0.47075216674465337,
            0.4619547978323585,
            0.45144335647041856,
            0.4413455661055271,
            0.43277278798023905,
            0.4238740163313114,
            0.4156174977867884,
            0.40825003223823225,
            0.40042771362402035,
            0.39415388079860325,
            0.3876851645060009,
            0.3818615949118772,
            0.37622029722618416,
            0.37015612007685345,
            0.36459333222845325,
            0.35927209429079177,
            0.3545156928564515,
            0.34868708866318326,
            0.34373020125644355,
            0.33962541277451286,
            0.33368327206749016,
            0.32956055304464077,
            0.32497008071451583,
            0.3202765205970108,
            0.31629616978514996,
            0.31210255914491075,
            0.3064734372986075,
            0.3038481257323175,
            0.2990719225453572,
            0.29427147156853145,
            0.29014027185624586,
            0.2847829553954503,
            0.272870376041677,
            0.27043009044251026,
            0.26689331347666895,
            0.26404000671590167
        ],
        "val_losses": [
            0.6365511757684937,
            0.608651322253207,
            0.5948030665411171,
            0.5845945261894389,
            0.5751244267250629,
            0.570148451953915,
            0.5562597126402753,
            0.5486013111493266,
            0.5348445614601703,
            0.5252462792481091,
            0.5114636074566672,
            0.5002833393448634,
            0.48921605204859525,
            0.4811609378943207,
            0.4771041782401132,
            0.45783669115803766,
            0.4519837484926197,
            0.43924162626689206,
            0.43044480575737376,
            0.42023275274756955,
            0.4414031133584097,
            0.41131886279752067,
            0.4019549346350609,
            0.3946266806294732,
            0.40576823837790926,
            0.3865040600933927,
            0.39874476141540716,
            0.395743801978463,
            0.3826436848505169,
            0.37258124319796865,
            0.3791775223633922,
            0.36455426095648014,
            0.3665912908019749,
            0.3862730216049979,
            0.37995119445712855,
            0.37160934285914643,
            0.35084343569498533,
            0.4232999467892004,
            0.3747471200024828,
            0.34723611059763754,
            0.38179274600871066,
            0.36538671443225645,
            0.347826138984227,
            0.4542644235259252,
            0.4999810649570844,
            0.37046382866852673,
            0.34488728505077093,
            0.36650074859882925,
            0.40184546848560904,
            0.343913180079866
        ],
        "val_ious": [
            0.14492649905225072,
            0.1455739062963107,
            0.1526282317115089,
            0.16601050239616305,
            0.1790117733689943,
            0.19428510517528697,
            0.20787417597883767,
            0.2131542685514328,
            0.2285697654972897,
            0.23836471016208327,
            0.2521723703606754,
            0.2632910007421569,
            0.2787754646658755,
            0.2762678340332799,
            0.2744347556307031,
            0.3070700306339678,
            0.3004058273390252,
            0.31974472719867736,
            0.326975589303683,
            0.33229831563172335,
            0.32640575094602065,
            0.3417246097896961,
            0.34538999219242295,
            0.3515890713367196,
            0.3377624054432762,
            0.3549635791820837,
            0.3497238347328865,
            0.3509118138686985,
            0.35691160021028345,
            0.36679892836239875,
            0.3606254776282626,
            0.3676783995256726,
            0.3633722549233514,
            0.3509945543631926,
            0.35602176014430587,
            0.3556678334816529,
            0.36834176656250095,
            0.33065643929680294,
            0.3511318752627786,
            0.37025763207989304,
            0.35674505892150565,
            0.36197255583420374,
            0.3767292257596779,
            0.30153407652912434,
            0.34089943927746935,
            0.3808170919907901,
            0.3869392950389557,
            0.3735810689885431,
            0.3765846413932474,
            0.3916619049022137
        ],
        "val_accuracies": [
            0.842406911207429,
            0.8424940946254325,
            0.8437658539900543,
            0.8463112809133868,
            0.8491252512796551,
            0.8513931429132502,
            0.8542530295696664,
            0.8561674123960183,
            0.8602838406326078,
            0.8627666175788176,
            0.867221512270312,
            0.870615578289573,
            0.873561660871438,
            0.8758830440805313,
            0.8760697613371179,
            0.8814206947671607,
            0.8826740257283474,
            0.8864797049380363,
            0.8873413437647177,
            0.8905265753996288,
            0.8808643982765523,
            0.8921161906939026,
            0.8944926430993047,
            0.8960453107001933,
            0.8920333901195662,
            0.8980009970090068,
            0.8918092876461381,
            0.8928454425318021,
            0.8966693565355125,
            0.9003139793450106,
            0.8957449865679369,
            0.9016925417785103,
            0.9009848748538511,
            0.892618882740643,
            0.8935809938620168,
            0.8964585784479235,
            0.903142198603204,
            0.8773715018380618,
            0.9000152112744378,
            0.9036840661197689,
            0.8997372295839566,
            0.9000113872771568,
            0.9029198639781763,
            0.8857787340245349,
            0.8508437094113506,
            0.8972142583934973,
            0.9044067800467741,
            0.8934180753450867,
            0.8867307309563278,
            0.9046228468840849
        ]
    }
}