{
    "NAG": {
        "train_losses": [
            0.6056073282871313,
            0.4886178092505581,
            0.42233333654057975,
            0.38027333903071425,
            0.35123478635908645,
            0.32988150505790004,
            0.3115755463520041,
            0.2970107004691003,
            0.2827064833883103,
            0.26927854703571724,
            0.25641357446689833,
            0.24242100028457225,
            0.22945775841428537,
            0.21367390424155638,
            0.19729837998921806,
            0.18452729914413205,
            0.16829434083935205,
            0.15745784532343812,
            0.14568323112115386,
            0.13190617428318513,
            0.10360706834099548,
            0.0935083164875014,
            0.08694910632862102,
            0.08244167110283807,
            0.0771574406712389,
            0.0739123560268675,
            0.06653038147465347,
            0.06349590073752745,
            0.061052274898839555,
            0.05935951975744558,
            0.058464585631227486,
            0.057794959612342336,
            0.054964436569627975,
            0.05394311971945054,
            0.05314802450991493,
            0.0524761984562842,
            0.051746728731967395,
            0.05143858138942008,
            0.050184440995719504,
            0.05006144832818458,
            0.04949096780749618,
            0.04931955304285529,
            0.049230523977458085,
            0.048928370967509016,
            0.04874248578142009,
            0.04823227926639698,
            0.04842850450833541,
            0.04843668740238163,
            0.04818114397487478,
            0.04788995502119161
        ],
        "val_losses": [
            0.5393914508481398,
            0.45789225272675776,
            0.4082828958829244,
            0.38529453157110416,
            0.3585285350997397,
            0.33573693745102445,
            0.3291480074114833,
            0.3072454038452595,
            0.31538523184069506,
            0.3107978139891692,
            0.30302207541803944,
            0.3121512515325073,
            0.33654549189493166,
            0.29826663223141475,
            0.32596837988136507,
            0.30657574275495314,
            0.3311413290864187,
            0.36520705261129016,
            0.35737995591992183,
            0.4159866527039954,
            0.30331313747463495,
            0.323103259165659,
            0.3299233469028845,
            0.3379490391899508,
            0.33667900957537034,
            0.3442797376543072,
            0.36060021273421905,
            0.33866591186176803,
            0.3404410644731623,
            0.3454799535321006,
            0.34619703603551744,
            0.3519271455229597,
            0.35092443196063344,
            0.3656971222648384,
            0.35401983950155,
            0.3552056333274706,
            0.35153552477664135,
            0.3545381298407595,
            0.3514544262108228,
            0.3585738514860471,
            0.3601346344601178,
            0.3737373151783402,
            0.3666658904535551,
            0.369695726914186,
            0.3643643248377117,
            0.3538431998157332,
            0.3588629410939014,
            0.3677488846030641,
            0.35925759607595753,
            0.3639935096527668
        ],
        "val_ious": [
            0.2341822448536649,
            0.3116947386898187,
            0.334775353710984,
            0.3435781104077469,
            0.3620147824769073,
            0.37521831732828276,
            0.3919544124331809,
            0.41115121997683063,
            0.4131938581359027,
            0.406010650748103,
            0.4264051191902393,
            0.4360326316825278,
            0.43463146808817565,
            0.44771689142247184,
            0.4308294075005376,
            0.4429286658920861,
            0.44196121780432,
            0.4030725141279838,
            0.4423709156606827,
            0.4153579196203148,
            0.48094591926567654,
            0.4721210733932005,
            0.47391747641652,
            0.47402737324270067,
            0.47337458301900104,
            0.4721306999203054,
            0.4682382519789542,
            0.4789574059545035,
            0.4786338886157172,
            0.4786029583465925,
            0.48009531906283087,
            0.4737099242485253,
            0.47846599076328267,
            0.4683378518149021,
            0.4784286912424635,
            0.478818458626843,
            0.4800225241166593,
            0.4813423761230087,
            0.48141473320400335,
            0.4794364342619499,
            0.48000561880936754,
            0.47599397489716616,
            0.4786208655329768,
            0.4751378209011755,
            0.47753306058294726,
            0.48096669119585367,
            0.48152048650944734,
            0.4791378180817224,
            0.47925102557464333,
            0.47996766835360966
        ],
        "val_accuracies": [
            0.8611182084320285,
            0.8806305113413655,
            0.8920824849013741,
            0.8956706857850366,
            0.8992539762605166,
            0.9058890782349499,
            0.9072189559327796,
            0.9129490594491891,
            0.9095300131655754,
            0.9133407287563838,
            0.9152090376150523,
            0.9086338522586417,
            0.8963550227753659,
            0.9158277896279139,
            0.9113276419064678,
            0.9153110334213744,
            0.9096636040836361,
            0.8947577239773797,
            0.8940229305984281,
            0.8706467405278632,
            0.9211305481322268,
            0.922412484672898,
            0.9169086475744315,
            0.9206483854469678,
            0.9213823629609237,
            0.9084455840131069,
            0.9225919377719257,
            0.9222917987945232,
            0.9202677184808339,
            0.9218702654466562,
            0.920300192866765,
            0.91799296385853,
            0.9223119950463586,
            0.9211641723382558,
            0.9223921802027005,
            0.9220637962327781,
            0.9210708340009054,
            0.9212602702438408,
            0.9213084003604051,
            0.9224023303241594,
            0.9222988959745313,
            0.9223973387522055,
            0.9221988933306213,
            0.9224161323926128,
            0.9220467112588544,
            0.9207419448710502,
            0.9213754462857618,
            0.9220358441907464,
            0.9213147087300078,
            0.9220704651893453
        ]
    }
}