{
    "RMSProp": {
        "train_losses": [
            0.5948042570914998,
            0.5405170907701704,
            0.4999396637882418,
            0.48073679915620315,
            0.468711784471729,
            0.4614171310671044,
            0.4564659855037805,
            0.45072867461920024,
            0.4470142651277642,
            0.44395125825585663,
            0.441664200874718,
            0.4270333684844169,
            0.4237189179852424,
            0.4218823489915618,
            0.4209712267545019,
            0.4194936344637617,
            0.41857243423982604,
            0.4179094827050536,
            0.4176046518691984,
            0.416242999888283,
            0.4153308799345555,
            0.4155798922467388,
            0.41409374981369657,
            0.4047646728914571,
            0.40331888785752495,
            0.40272503116299707,
            0.40238361208587076,
            0.4024769719352476,
            0.4011795043043919,
            0.4010420017997415,
            0.4009793802083407,
            0.4005044292557906,
            0.40031798882663655,
            0.3995626304639562,
            0.39922084772592126,
            0.3993700521482478,
            0.3929870880698649,
            0.39264602394459525,
            0.3917898987021712,
            0.3914404838670815,
            0.39117517344588154,
            0.3905157524208782,
            0.3909420932040495,
            0.39082518245133807,
            0.3904489686541333,
            0.39034713204400395,
            0.3902313007033734,
            0.3902179641955874,
            0.3898841961497501,
            0.389713632878851
        ],
        "val_losses": [
            0.5754068633343311,
            0.6031365231842014,
            0.7819757199456506,
            0.649904045441472,
            0.47452485466257055,
            0.7794132048779345,
            0.5617167600925933,
            0.7196412371828201,
            0.5371571741205581,
            0.5239614671003734,
            0.9571083591762164,
            0.5013787966247991,
            0.4358222323951992,
            0.45642636113978446,
            0.44094328635127833,
            0.45195671398166226,
            0.42387814132879814,
            0.4350174122245599,
            0.45572916867462454,
            0.44510404839583323,
            0.4913884103298187,
            0.5984370059578131,
            0.42405320418641923,
            0.41152807446659034,
            0.41880564634681594,
            0.4649763329231993,
            0.41272939118087715,
            0.4182703462264217,
            0.4134228101647492,
            0.408545103161893,
            0.4159294248472714,
            0.4275286295946608,
            0.4142305234856639,
            0.4274148129402323,
            0.41471622345295356,
            0.44961449229125433,
            0.40547738240120257,
            0.40257816830425397,
            0.4056352086312382,
            0.4099895825200047,
            0.41073615817313497,
            0.4066244046738807,
            0.4024536125626124,
            0.40464195693638305,
            0.40882754399844096,
            0.42253499388272037,
            0.3995034236011776,
            0.4101266554484131,
            0.4059771476907933,
            0.4003427788509545
        ],
        "val_ious": [
            0.19682379648943674,
            0.20474995545130303,
            0.17068299236101403,
            0.21891362519549518,
            0.2891874000779171,
            0.17261276388992802,
            0.2257237482221486,
            0.22480824147570222,
            0.2570724822894558,
            0.26488545699340643,
            0.2124428365312029,
            0.2734148533279974,
            0.31107726158486315,
            0.30029473924990735,
            0.3125497411840988,
            0.30954397359714864,
            0.3197060219108484,
            0.31840894902827577,
            0.29076240496904154,
            0.3198506160642532,
            0.2810995055374395,
            0.26836325829612584,
            0.32383301496860695,
            0.33026482425277975,
            0.32950858959917967,
            0.2758551291777349,
            0.32749415782499275,
            0.3211516434596064,
            0.3290515579990577,
            0.33216506656641226,
            0.3361013495107089,
            0.3257453119877545,
            0.33879050140310196,
            0.32386962302112526,
            0.33166854157010783,
            0.32528379266314755,
            0.3398964347533849,
            0.33784062802574094,
            0.33920692570868793,
            0.3307342490622262,
            0.3355291370179333,
            0.34315701577117935,
            0.33851555693493945,
            0.33730479503435234,
            0.33497991017537937,
            0.3083779121633867,
            0.34510532039982234,
            0.3328723516701474,
            0.33316666638495324,
            0.339097927870682
        ],
        "val_accuracies": [
            0.8499760145836688,
            0.8542714989777153,
            0.7790764840782112,
            0.8151074855040151,
            0.8752430947959846,
            0.7662923826393506,
            0.8366397289519615,
            0.7699736830190564,
            0.8441339046397107,
            0.8541983163103144,
            0.7393108893793525,
            0.8756102526441534,
            0.8854666817272808,
            0.8779074938584727,
            0.882084402632206,
            0.8799937815530926,
            0.8881682225152956,
            0.8851559686322584,
            0.8770077076364071,
            0.8799756685047285,
            0.8654052746211384,
            0.828434261024421,
            0.8878934696211037,
            0.8909312131557059,
            0.8884224769071485,
            0.877070406649975,
            0.8906264203660031,
            0.8890829246940343,
            0.8908035831248506,
            0.891312006517505,
            0.890388845129216,
            0.8871075561706055,
            0.8905097791489135,
            0.8874481104789896,
            0.889498825614334,
            0.8801303755307028,
            0.8923300208774865,
            0.8926134899998388,
            0.8919096377724451,
            0.8903516404172207,
            0.8910917009867675,
            0.8922671147272097,
            0.8930071389421503,
            0.8924489351029091,
            0.8908876687922376,
            0.884996919344503,
            0.8940100703679078,
            0.8916447686810866,
            0.8922576498478016,
            0.8940081765465703
        ]
    }
}