{
    "SGD": {
        "train_losses": [
            0.6111974831687079,
            0.5114180246061749,
            0.43971804481082494,
            0.39072985597451526,
            0.3587091816531287,
            0.336156300412284,
            0.31780268658532035,
            0.3037604810131921,
            0.2900866970618566,
            0.277975310491191,
            0.2644371767706341,
            0.2514217716654142,
            0.240336345202393,
            0.2248904058734576,
            0.21275507191816967,
            0.19923329158624012,
            0.18575964266061784,
            0.1740589060386022,
            0.15691130806340112,
            0.1444109068049325,
            0.11369385874271393,
            0.10116862581504715,
            0.09458833172586228,
            0.09044228913055526,
            0.0843270072374079,
            0.08005220024122132,
            0.07084281018376351,
            0.06696017157700326,
            0.06447631072998047,
            0.06264406111505297,
            0.061170756753948,
            0.0596619977818595,
            0.05670165909992324,
            0.05629568400979042,
            0.05559542915225029,
            0.05493522285587258,
            0.05490218994518121,
            0.05427154948810736,
            0.05185533523725139,
            0.052120355394151476,
            0.0517678637471464,
            0.05178796276284589,
            0.05129798597428534,
            0.050961287445492214,
            0.050334711415900124,
            0.04984463017682234,
            0.05028289398550987,
            0.04989906903604666,
            0.04966037959522671,
            0.0494300428893831
        ],
        "val_losses": [
            0.5613093961637916,
            0.47610316821869386,
            0.4295165028343809,
            0.3840425244882597,
            0.3673369237717162,
            0.33434920065791895,
            0.33452255368655454,
            0.33651659125131916,
            0.3111887260320339,
            0.3083603837071581,
            0.3006983772448614,
            0.3060427941646136,
            0.30690860632040823,
            0.30000323976608034,
            0.30933980696590235,
            0.31986914955555124,
            0.32282571853898095,
            0.33242817867732216,
            0.359331875828141,
            0.33260623122572053,
            0.32353714119035304,
            0.33379265502200905,
            0.36371203675760444,
            0.33617459581042014,
            0.34976856183287097,
            0.3346776607188773,
            0.3312992057267656,
            0.3536434898562465,
            0.3271107160558937,
            0.34454774465544,
            0.3475831114019908,
            0.34664853112706057,
            0.36288245714513967,
            0.3464970395286032,
            0.3664820932433115,
            0.34487121827002115,
            0.3709343387514141,
            0.3505387545054686,
            0.35423320980993567,
            0.35228056983744843,
            0.3566641281259821,
            0.3550401398159088,
            0.35146952335927506,
            0.3724920203816806,
            0.36120746459098574,
            0.367534339692153,
            0.35620120896938,
            0.36275697827127806,
            0.36246423238346764,
            0.3603537287695188
        ],
        "val_ious": [
            0.20613363640059235,
            0.29324760871012445,
            0.3256440778855174,
            0.35079103207334544,
            0.364540521255597,
            0.3800191431078878,
            0.3927125907100161,
            0.3918210203241987,
            0.4174368052274579,
            0.4127620528392066,
            0.4326515346901921,
            0.43910573092467636,
            0.451342045941414,
            0.4617308616132753,
            0.4611178646113543,
            0.4361055145129531,
            0.4461203953110883,
            0.4456469563019592,
            0.44844141880870586,
            0.4540761556950515,
            0.4675107169854566,
            0.468322392335294,
            0.4606213310725561,
            0.471294277788413,
            0.4686734268891461,
            0.47409350091250924,
            0.479984767918675,
            0.47162242261124904,
            0.48197960605970486,
            0.4775969093474825,
            0.4786191418138955,
            0.48087755094809553,
            0.47493279076603934,
            0.4796558123919571,
            0.4767514002104781,
            0.48288178142254023,
            0.47217438191429995,
            0.47936159314457455,
            0.4795813061302168,
            0.48056432695537926,
            0.48046297151651085,
            0.4809416943874867,
            0.4822297205803337,
            0.4730020765790081,
            0.4774006972742251,
            0.476870757588265,
            0.48156743620870607,
            0.47791321178936824,
            0.47525175538282244,
            0.47952827080329946
        ],
        "val_accuracies": [
            0.8515623287951692,
            0.8756134269085336,
            0.885761152767966,
            0.8966926099560785,
            0.9008310107474632,
            0.9061475265110638,
            0.9055207257575177,
            0.9020512315398412,
            0.9104246632427189,
            0.9131017238535779,
            0.914166678350868,
            0.9138586842421944,
            0.9096939504569304,
            0.9122035431523695,
            0.9095238624735081,
            0.9164769827051366,
            0.9150811235109965,
            0.9186618167457851,
            0.8895988329082516,
            0.9154239774595762,
            0.9227943014591298,
            0.9222398311533826,
            0.9208196097231925,
            0.915759174536306,
            0.9226382146490381,
            0.9202358164685838,
            0.9226143478501773,
            0.9227927775247723,
            0.9200472189179549,
            0.9221663420081984,
            0.9231389727152831,
            0.9235596487708125,
            0.9229094009872869,
            0.9228805337391847,
            0.9236763081652053,
            0.920765590583179,
            0.9223269110030317,
            0.9223889788837297,
            0.9228555712294071,
            0.9223395772014104,
            0.9225066934071534,
            0.9224592438826325,
            0.9218711899527421,
            0.9224418071990318,
            0.9233701000822351,
            0.9229680282849793,
            0.9219726535445409,
            0.9231508632078238,
            0.9228064130384026,
            0.9231126845305693
        ]
    }
}