{
    "SGDM": {
        "train_losses": [
            0.6047575884648508,
            0.5016871827284725,
            0.4330424755682447,
            0.3883740705728239,
            0.3574130402037634,
            0.3351849434135303,
            0.31557745813170174,
            0.3003171325130907,
            0.2863620898355887,
            0.27159669916767387,
            0.2590536190811816,
            0.24705017733949053,
            0.23322885233383217,
            0.21724193623144689,
            0.20069728629496025,
            0.18635714399420908,
            0.17301125722878982,
            0.15796769479881811,
            0.14737263414501336,
            0.13456561337681325,
            0.10371645987630354,
            0.09344922120627076,
            0.0873902992605434,
            0.0822279142711076,
            0.07842523724554869,
            0.07372991611293965,
            0.06621487992522078,
            0.06292191060316069,
            0.06098138336595539,
            0.060666451842689706,
            0.058797601329979396,
            0.057326273094370994,
            0.05464508976585592,
            0.054306758582810734,
            0.05281406917389622,
            0.05215373152450024,
            0.05172457551546573,
            0.05106864089491528,
            0.050666498585112116,
            0.050027505816003445,
            0.04989053138046976,
            0.04961552319433683,
            0.0490368995523474,
            0.04891054884194135,
            0.048690322435705494,
            0.04838771734833651,
            0.048225342430382304,
            0.048459846534254974,
            0.0481622903995621,
            0.04806690344380468
        ],
        "val_losses": [
            0.550874966890254,
            0.47129875580047037,
            0.41097628055734836,
            0.3744963124288735,
            0.3522111359217488,
            0.34750699151492287,
            0.3484845962507505,
            0.311610794236474,
            0.30930013811968743,
            0.31279224125628774,
            0.319056306641998,
            0.3526101140899861,
            0.33149817649354324,
            0.2981264817904919,
            0.3546079999060496,
            0.3247857265015866,
            0.3346168022100807,
            0.33502268690800835,
            0.36479876518038146,
            0.34081506190147803,
            0.3097256195883379,
            0.32099968633541826,
            0.3337813736804834,
            0.35995145459124384,
            0.33837418453701845,
            0.3486970175348275,
            0.3557109256268393,
            0.34401177984814274,
            0.35549673580742897,
            0.34755843180291196,
            0.3701023712542886,
            0.35764843833150595,
            0.35631374137621397,
            0.36249471614335443,
            0.3615818086034017,
            0.3583046410312044,
            0.3586092996047744,
            0.358682023982207,
            0.35925855339630275,
            0.3708009453001597,
            0.3670381233096123,
            0.36162444579263103,
            0.3659718093191478,
            0.3657470240871957,
            0.36597370388025935,
            0.36257695396107137,
            0.37199791785038955,
            0.3723555167093345,
            0.3841993830939557,
            0.3651229965877026
        ],
        "val_ious": [
            0.2096620424089173,
            0.2983856233986132,
            0.3386759056795572,
            0.36518217184343565,
            0.36737333964352537,
            0.3829666032027191,
            0.37004341429260657,
            0.41268531010765125,
            0.41351132164231924,
            0.42227645717783424,
            0.42152114062107265,
            0.42773263005028556,
            0.4439930441637033,
            0.4511530600439011,
            0.42151674782525683,
            0.4574423425741596,
            0.44283442166462406,
            0.44661367815181235,
            0.4219928821678625,
            0.4360236084433662,
            0.47759983519238525,
            0.469388054962338,
            0.46536726386501137,
            0.46489438686408935,
            0.4712117470006764,
            0.4709581056869209,
            0.47212302470334117,
            0.47357344402954066,
            0.4766033891670479,
            0.4784649366412923,
            0.46951484364777635,
            0.4773899725543793,
            0.47721896273943054,
            0.47643206022986245,
            0.4778509303595033,
            0.47834145775460524,
            0.4773923994869459,
            0.47952001305840153,
            0.478103942633345,
            0.47621011396333834,
            0.4754303045428496,
            0.47796049660387374,
            0.4779298520918523,
            0.4769211893689967,
            0.4767398489081768,
            0.4777463394282108,
            0.47800738520005315,
            0.47496360138545585,
            0.472784792955887,
            0.4758664505829739
        ],
        "val_accuracies": [
            0.8568114651010391,
            0.8785557894841999,
            0.8915090087457751,
            0.899612102102726,
            0.903180517203419,
            0.9031789886190537,
            0.9043031339104294,
            0.9123546295132198,
            0.9134295536271224,
            0.9082156423981308,
            0.9072847074650704,
            0.892344743224746,
            0.9000589585473352,
            0.9153086302128244,
            0.9167388123823396,
            0.9049571739866379,
            0.91982350028153,
            0.9149205004069823,
            0.9151194104066132,
            0.905717078675615,
            0.917331966102546,
            0.9203994426321476,
            0.9126866523255693,
            0.9231672354623781,
            0.9211783172390985,
            0.9217965957966257,
            0.9235457832931627,
            0.9200811364971999,
            0.9222565331357591,
            0.9208916243931926,
            0.9225848989283785,
            0.9220947466843518,
            0.9214838946119268,
            0.921988142297623,
            0.9216519530783308,
            0.9220092089463633,
            0.9221638394585738,
            0.9214553114370252,
            0.9222410173280865,
            0.9232223186087101,
            0.9226500916142836,
            0.9219346600221404,
            0.9221686327711065,
            0.9227045660323285,
            0.9213028135874592,
            0.9226557143191074,
            0.9226103395434981,
            0.9228383962144243,
            0.9225953601776286,
            0.9216755446812785
        ]
    }
}