{
    "Adam": {
        "train_losses": [
            0.5472029190063477
        ],
        "val_losses": [
            0.5292960737191194
        ],
        "val_ious": [
            0.2116469308119663
        ],
        "val_accuracies": [
            0.8586197127687171
        ]
    }
}